"path","category"
"完整副本/ai-gpu-power-mlcc/00-outline.md","完整副本"
"完整副本/ai-gpu-power-mlcc/01-industry-library.md","完整副本"
"完整副本/ai-gpu-power-mlcc/ai-gpu-power-mlcc.md","完整副本"
"完整副本/ai-three-bottlenecks/ai-three-bottlenecks.md","完整副本"
"完整副本/asean-ai-supply-chain/asean-ai-supply-chain.md","完整副本"
"完整副本/cicc-ai-population/cicc-ai-population.md","完整副本"
"完整副本/electric-power/00-outline.md","完整副本"
"完整副本/electric-power/01-industry-library.md","完整副本"
"完整副本/electric-power/bibi-raw.json","完整副本"
"完整副本/electric-power/electric-power.md","完整副本"
"完整副本/electric-power/raw-meta.json","完整副本"
"完整副本/electric-power/summary-chapter.json","完整副本"
"完整副本/morgan-ai-supply-chain/morgan-ai-supply-chain.md","完整副本"
