"path","status","source_type","notes"
"完整副本/ai-gpu-power-mlcc/00-outline.md","待处理","完整副本",""
"完整副本/ai-gpu-power-mlcc/01-industry-library.md","待处理","完整副本",""
"完整副本/ai-gpu-power-mlcc/ai-gpu-power-mlcc.md","待处理","完整副本",""
"完整副本/ai-three-bottlenecks/ai-three-bottlenecks.md","待处理","完整副本",""
"完整副本/asean-ai-supply-chain/asean-ai-supply-chain.md","待处理","完整副本",""
"完整副本/cicc-ai-population/cicc-ai-population.md","待处理","完整副本",""
"完整副本/electric-power/00-outline.md","待处理","完整副本",""
"完整副本/electric-power/01-industry-library.md","待处理","完整副本",""
"完整副本/electric-power/bibi-raw.json","待处理","完整副本",""
"完整副本/electric-power/electric-power.md","待处理","完整副本",""
"完整副本/electric-power/raw-meta.json","待处理","完整副本",""
"完整副本/electric-power/summary-chapter.json","待处理","完整副本",""
"完整副本/morgan-ai-supply-chain/morgan-ai-supply-chain.md","待处理","完整副本",""
